scale4_grid_ID,ecoregion
NA,NA
NA,NA
NA,NA
NA,NA
NA,NA
NA,NA
NA,NA
NA,NA
NA,NA
NA,NA
NA,NA
NA,NA
NA,NA
NA,NA
NA,NA
NA,NA
NA,NA
NA,NA
NA,NA
NA,NA
NA,NA
NA,NA
NA,NA
NA,NA
NA,NA
NA,NA
NA,NA
NA,NA
NA,NA
NA,NA
NA,NA
NA,NA
NA,NA
NA,NA
NA,NA
NA,NA
NA,NA
NA,NA
NA,NA
NA,NA
NA,NA
NA,NA
NA,NA
NA,NA
NA,NA
NA,NA
NA,NA
NA,NA
NA,NA
NA,NA
NA,NA
NA,NA
NA,NA
NA,NA
NA,NA
NA,NA
NA,NA
NA,NA
NA,NA
NA,NA
NA,NA
NA,NA
NA,NA
NA,NA
NA,NA
NA,NA
NA,NA
NA,NA
NA,NA
NA,NA
NA,NA
NA,NA
NA,NA
NA,NA
NA,NA
NA,NA
NA,NA
NA,NA
NA,NA
NA,NA
NA,NA
NA,NA
NA,NA
NA,NA
NA,NA
NA,NA
NA,NA
NA,NA
NA,NA
NA,NA
NA,NA
NA,NA
NA,NA
NA,NA
NA,NA
NA,NA
NA,NA
NA,NA
NA,NA
NA,NA
NA,NA
NA,NA
NA,NA
NA,NA
NA,NA
NA,NA
NA,NA
NA,NA
NA,NA
NA,NA
NA,NA
NA,NA
NA,NA
NA,NA
NA,NA
NA,NA
NA,NA
NA,NA
NA,NA
NA,NA
NA,NA
NA,NA
NA,NA
NA,NA
NA,NA
NA,NA
NA,NA
NA,NA
NA,NA
NA,NA
NA,NA
NA,NA
NA,NA
NA,NA
NA,NA
NA,NA
NA,NA
NA,NA
NA,NA
NA,NA
NA,NA
NA,NA
NA,NA
NA,NA
NA,NA
NA,NA
NA,NA
NA,NA
NA,NA
NA,NA
NA,NA
NA,NA
NA,NA
NA,NA
NA,NA
NA,NA
NA,NA
NA,NA
NA,NA
NA,NA
NA,NA
NA,NA
NA,NA
NA,NA
NA,NA
NA,NA
NA,NA
NA,NA
NA,NA
NA,NA
NA,NA
NA,NA
NA,NA
NA,NA
NA,NA
NA,NA
NA,NA
NA,NA
NA,NA
NA,NA
NA,NA
NA,NA
NA,NA
NA,NA
NA,NA
NA,NA
NA,NA
NA,NA
NA,NA
NA,NA
NA,NA
NA,NA
NA,NA
NA,NA
NA,NA
NA,NA
NA,NA
NA,NA
NA,1
NA,1
NA,2
NA,2
NA,NA
NA,NA
NA,NA
NA,NA
NA,NA
NA,NA
NA,NA
NA,NA
NA,NA
NA,NA
NA,NA
NA,NA
NA,NA
NA,NA
NA,NA
NA,NA
NA,NA
NA,NA
NA,NA
NA,NA
NA,NA
NA,NA
NA,NA
NA,NA
NA,NA
NA,NA
NA,NA
NA,NA
NA,NA
NA,NA
NA,NA
NA,NA
NA,NA
1,2
2,2
3,2
4,2
5,2
NA,NA
NA,NA
NA,NA
NA,NA
NA,NA
NA,NA
NA,NA
NA,NA
NA,NA
NA,NA
NA,NA
NA,NA
NA,NA
NA,NA
NA,NA
NA,NA
NA,NA
NA,NA
NA,NA
NA,NA
NA,NA
NA,NA
NA,NA
NA,NA
NA,NA
NA,NA
NA,NA
NA,NA
NA,NA
NA,1
NA,1
NA,2
NA,1
NA,2
NA,2
NA,2
NA,NA
NA,NA
NA,NA
NA,NA
NA,NA
NA,NA
NA,NA
NA,NA
NA,NA
NA,NA
NA,NA
NA,NA
NA,NA
NA,NA
NA,NA
NA,NA
NA,NA
NA,NA
NA,NA
NA,NA
NA,NA
NA,NA
NA,NA
NA,NA
NA,NA
NA,NA
NA,NA
NA,NA
NA,NA
NA,NA
NA,NA
6,2
NA,NA
NA,NA
7,2
8,2
9,2
10,2
11,2
12,2
NA,NA
NA,NA
NA,NA
NA,NA
NA,NA
NA,NA
NA,NA
NA,NA
NA,NA
NA,NA
NA,NA
NA,NA
NA,NA
NA,NA
NA,NA
NA,NA
NA,NA
NA,NA
NA,NA
NA,NA
NA,NA
NA,NA
NA,NA
NA,NA
NA,2
NA,2
NA,2
NA,2
NA,1
NA,1
NA,1
NA,1
NA,2
NA,1
NA,NA
NA,NA
NA,NA
NA,NA
NA,NA
NA,NA
NA,NA
NA,NA
NA,NA
NA,NA
NA,NA
NA,NA
NA,NA
NA,NA
NA,NA
NA,NA
NA,NA
NA,NA
NA,NA
NA,NA
NA,NA
NA,NA
NA,NA
NA,NA
NA,NA
NA,NA
NA,NA
NA,NA
NA,NA
NA,2
NA,2
NA,NA
13,2
14,2
15,2
16,2
17,2
18,2
19,2
20,2
21,2
22,2
NA,NA
NA,NA
NA,NA
NA,NA
NA,NA
NA,NA
NA,NA
NA,NA
NA,NA
NA,NA
NA,NA
NA,NA
NA,NA
NA,NA
NA,NA
NA,NA
NA,NA
NA,2
NA,NA
NA,2
NA,2
NA,2
NA,2
NA,1
NA,1
NA,2
NA,2
NA,2
NA,2
NA,2
NA,1
NA,1
NA,NA
NA,NA
NA,NA
NA,NA
NA,NA
NA,NA
NA,NA
NA,NA
NA,NA
NA,NA
NA,NA
NA,NA
NA,NA
NA,NA
NA,NA
NA,NA
NA,NA
NA,NA
NA,NA
NA,NA
NA,NA
NA,NA
NA,NA
NA,NA
NA,NA
NA,NA
NA,NA
NA,NA
NA,2
NA,NA
NA,NA
NA,2
NA,NA
23,2
24,2
25,2
26,2
27,3
28,2
29,2
30,2
31,2
32,2
33,2
NA,NA
NA,NA
NA,NA
NA,NA
NA,NA
NA,NA
NA,NA
NA,NA
NA,NA
NA,NA
NA,NA
NA,2
NA,2
NA,2
NA,2
NA,2
NA,2
NA,2
NA,2
NA,2
NA,2
NA,2
NA,2
NA,1
NA,1
NA,2
NA,2
NA,1
NA,1
NA,1
NA,NA
NA,NA
NA,NA
NA,NA
NA,NA
NA,NA
NA,NA
NA,NA
NA,NA
NA,NA
NA,NA
NA,NA
NA,NA
NA,NA
NA,NA
NA,NA
NA,NA
NA,NA
NA,NA
NA,NA
NA,NA
NA,NA
NA,NA
NA,NA
NA,NA
NA,NA
NA,NA
NA,NA
NA,2
NA,2
NA,NA
NA,NA
NA,NA
NA,NA
NA,NA
34,2
35,3
36,3
37,3
38,2
39,2
40,2
41,2
42,2
43,2
44,2
NA,NA
NA,NA
NA,NA
NA,NA
NA,NA
NA,NA
NA,NA
NA,NA
NA,NA
NA,2
NA,2
NA,2
NA,2
NA,2
NA,2
NA,2
NA,2
NA,2
NA,2
NA,2
NA,2
NA,2
NA,2
NA,2
NA,2
NA,2
NA,2
NA,1
NA,1
NA,NA
NA,NA
NA,NA
NA,NA
NA,NA
NA,NA
NA,NA
NA,NA
NA,NA
NA,NA
NA,NA
NA,NA
NA,NA
NA,NA
NA,NA
NA,NA
NA,NA
NA,NA
NA,NA
NA,NA
NA,NA
NA,NA
NA,NA
NA,NA
NA,NA
NA,NA
NA,NA
NA,NA
NA,NA
NA,NA
NA,NA
NA,NA
45,2
46,2
47,2
48,2
49,3
50,6
51,3
52,3
53,3
54,3
55,2
56,2
57,2
58,2
59,2
60,2
NA,NA
NA,NA
NA,NA
NA,NA
NA,NA
NA,NA
NA,NA
NA,2
NA,2
NA,2
NA,2
NA,2
NA,2
NA,2
NA,2
NA,2
NA,2
NA,2
NA,2
NA,2
NA,2
NA,2
NA,2
NA,2
NA,1
NA,1
NA,NA
NA,NA
NA,NA
NA,NA
NA,NA
NA,NA
NA,NA
NA,NA
NA,NA
NA,NA
NA,NA
NA,NA
NA,NA
NA,NA
NA,NA
NA,NA
NA,NA
NA,NA
NA,NA
NA,NA
NA,NA
NA,NA
NA,NA
NA,NA
NA,NA
NA,NA
NA,NA
NA,NA
NA,NA
NA,NA
NA,NA
NA,2
NA,2
61,2
62,2
63,3
64,3
65,3
66,3
67,3
68,3
69,3
70,3
71,6
72,6
73,6
74,2
75,2
76,2
77,2
NA,NA
NA,NA
NA,NA
NA,NA
NA,NA
NA,2
NA,2
NA,2
NA,2
NA,2
NA,2
NA,2
NA,NA
NA,2
NA,2
NA,NA
NA,2
NA,2
78,2
79,2
80,2
81,1
82,1
83,1
84,1
85,1
86,1
NA,NA
NA,NA
NA,NA
NA,NA
NA,NA
NA,NA
NA,NA
NA,NA
NA,NA
NA,NA
NA,NA
NA,NA
NA,NA
NA,NA
NA,NA
NA,NA
NA,NA
NA,NA
NA,NA
NA,NA
NA,NA
NA,NA
NA,NA
NA,NA
NA,NA
NA,NA
NA,2
NA,NA
NA,NA
NA,NA
NA,2
87,2
88,2
89,3
90,3
91,3
92,3
93,3
94,3
95,3
96,6
97,3
98,3
99,3
100,3
101,6
102,2
103,2
104,2
105,2
106,2
107,2
108,2
NA,2
NA,2
NA,2
NA,2
NA,2
NA,2
NA,2
NA,2
NA,2
NA,2
NA,2
NA,2
NA,2
109,2
110,2
111,2
112,2
113,2
114,2
115,2
116,2
117,1
118,1
119,1
NA,NA
NA,NA
NA,NA
NA,NA
NA,NA
NA,NA
NA,NA
NA,NA
NA,NA
NA,NA
NA,NA
NA,NA
NA,NA
NA,NA
NA,NA
NA,NA
NA,NA
NA,NA
NA,NA
NA,NA
NA,NA
NA,NA
NA,NA
NA,NA
NA,2
NA,NA
NA,NA
NA,NA
120,NA
121,2
122,7
123,7
124,3
125,3
126,3
127,3
128,3
129,3
130,3
131,6
132,6
133,3
134,3
135,3
136,3
137,2
138,3
139,2
140,2
141,2
142,2
143,2
NA,NA
NA,NA
NA,2
NA,2
NA,2
NA,2
NA,2
NA,2
NA,2
NA,2
NA,2
NA,2
144,2
145,2
146,2
147,2
148,2
149,2
150,2
151,2
152,2
153,2
154,1
155,1
156,1
NA,NA
NA,NA
NA,NA
NA,NA
NA,NA
NA,NA
NA,NA
NA,NA
NA,NA
NA,NA
NA,NA
NA,NA
NA,NA
NA,NA
NA,NA
NA,NA
NA,NA
NA,NA
NA,NA
NA,NA
NA,NA
NA,NA
NA,NA
NA,NA
NA,NA
NA,NA
NA,NA
157,7
158,7
159,7
160,3
161,3
162,6
163,6
164,6
165,6
166,6
167,3
168,6
169,3
170,3
171,3
172,3
173,2
174,3
175,3
176,3
177,2
178,2
179,2
180,2
181,2
NA,2
NA,2
NA,2
NA,2
NA,2
NA,2
NA,2
NA,2
NA,2
182,2
183,2
184,2
185,2
186,2
187,2
188,2
189,2
190,2
191,2
192,2
193,2
194,2
195,1
196,1
NA,NA
NA,NA
NA,NA
NA,NA
NA,NA
NA,NA
NA,NA
NA,NA
NA,NA
NA,NA
NA,NA
NA,NA
NA,NA
NA,NA
NA,NA
NA,NA
NA,NA
NA,NA
NA,NA
NA,NA
NA,NA
NA,NA
NA,NA
NA,NA
NA,NA
NA,NA
197,7
198,7
199,2
200,2
201,3
202,6
203,6
204,7
205,6
206,6
207,6
208,6
209,6
210,3
211,3
212,3
213,3
214,3
215,3
216,3
217,3
218,3
219,2
220,2
221,2
222,2
223,2
NA,2
NA,2
NA,2
NA,2
NA,2
NA,2
224,2
225,2
226,2
227,2
228,2
229,2
230,2
231,2
232,2
233,2
234,2
235,2
236,2
237,2
238,1
239,1
240,1
241,1
242,1
NA,NA
NA,NA
NA,NA
NA,NA
NA,NA
NA,NA
NA,NA
NA,NA
NA,NA
NA,NA
NA,NA
NA,NA
NA,NA
NA,NA
NA,NA
NA,NA
NA,NA
NA,NA
NA,NA
NA,NA
NA,NA
NA,NA
NA,NA
NA,NA
243,2
244,2
245,2
246,6
247,6
248,6
249,7
250,6
251,6
252,6
253,6
254,6
255,6
256,3
257,3
258,3
259,3
260,3
261,3
262,3
263,2
264,2
265,2
266,2
267,2
268,2
269,2
270,2
271,2
272,2
273,2
NA,2
274,2
275,2
276,2
277,2
278,2
279,2
280,2
281,2
282,2
NA,2
NA,2
283,2
284,2
285,2
286,2
287,2
288,1
289,1
290,1
NA,NA
NA,NA
NA,NA
NA,NA
NA,NA
NA,NA
NA,NA
NA,NA
NA,NA
NA,NA
NA,NA
NA,NA
NA,NA
NA,NA
NA,NA
NA,NA
NA,NA
NA,NA
291,2
292,7
293,2
294,2
295,2
296,2
297,2
298,2
299,7
300,6
301,7
302,7
303,7
304,7
305,7
306,6
307,6
308,6
309,6
310,6
311,6
312,3
313,3
314,3
315,3
316,3
317,3
318,3
319,3
320,3
321,2
322,2
323,2
324,2
325,2
326,2
327,2
328,2
329,2
330,2
331,2
332,2
333,2
334,2
335,2
336,2
337,2
NA,NA
NA,2
NA,2
338,2
339,2
340,2
341,2
342,2
343,2
344,1
NA,NA
NA,NA
NA,NA
NA,NA
NA,NA
NA,NA
NA,NA
NA,NA
NA,NA
NA,NA
NA,NA
NA,NA
NA,NA
NA,NA
NA,NA
NA,NA
NA,NA
NA,NA
NA,NA
NA,7
345,7
346,7
347,2
348,7
349,7
350,7
351,7
NA,7
352,7
353,7
354,7
355,7
356,7
357,6
358,6
359,6
360,6
361,6
362,6
363,6
364,3
365,3
366,3
367,3
368,3
369,3
370,3
371,3
372,3
373,2
374,2
375,2
376,2
377,2
378,2
379,2
380,2
381,2
382,2
383,2
384,2
385,2
386,2
387,2
388,2
NA,NA
NA,NA
NA,NA
389,2
390,2
391,2
392,2
393,2
394,2
395,NA
NA,NA
NA,NA
NA,NA
NA,NA
NA,NA
NA,NA
NA,NA
NA,NA
NA,NA
NA,NA
NA,NA
NA,NA
NA,NA
NA,NA
NA,NA
NA,NA
NA,NA
NA,NA
NA,NA
NA,NA
NA,NA
396,7
NA,NA
NA,7
NA,7
NA,7
NA,7
NA,7
NA,NA
NA,NA
NA,NA
397,7
398,7
399,7
400,6
401,6
402,6
403,6
404,6
405,6
406,3
407,3
408,3
409,3
410,3
411,3
412,3
413,3
414,3
415,2
416,2
417,2
418,2
419,2
420,2
421,2
422,2
423,2
424,2
425,2
426,2
427,2
428,2
429,2
430,2
NA,NA
431,2
432,2
433,2
434,2
435,2
436,2
437,2
438,2
439,2
NA,NA
NA,NA
NA,NA
NA,NA
NA,NA
NA,NA
NA,NA
NA,NA
NA,NA
NA,NA
NA,NA
NA,NA
NA,NA
NA,NA
NA,NA
NA,NA
NA,NA
NA,NA
NA,NA
NA,NA
NA,NA
NA,NA
NA,NA
NA,NA
NA,NA
NA,NA
NA,NA
NA,NA
NA,NA
NA,NA
NA,NA
NA,NA
NA,NA
440,7
441,7
442,6
443,6
444,6
445,6
446,6
447,3
448,3
449,3
450,3
451,3
452,3
453,3
454,3
455,3
456,3
457,2
458,2
459,2
460,2
461,2
462,2
463,2
464,2
465,2
466,2
467,2
468,2
469,2
NA,2
NA,2
NA,2
470,2
471,2
472,2
473,2
474,2
475,2
476,2
477,2
478,2
NA,NA
NA,NA
NA,NA
NA,NA
NA,NA
NA,NA
NA,NA
NA,NA
NA,NA
NA,NA
NA,NA
NA,NA
NA,NA
NA,NA
NA,NA
NA,NA
NA,NA
NA,NA
NA,NA
NA,NA
NA,NA
NA,NA
NA,NA
NA,NA
NA,NA
NA,NA
NA,NA
NA,NA
NA,NA
NA,NA
NA,NA
NA,NA
NA,NA
NA,NA
479,6
480,6
481,6
482,6
483,6
484,6
485,3
486,3
487,3
488,3
489,3
490,3
491,3
492,3
493,3
494,3
495,3
496,3
497,3
498,2
499,2
500,2
501,2
502,2
503,2
504,2
505,2
506,2
507,2
NA,2
NA,2
NA,2
NA,2
NA,2
NA,2
508,2
509,2
510,2
511,2
512,2
513,2
NA,NA
NA,NA
NA,NA
NA,NA
NA,NA
NA,NA
NA,NA
NA,NA
NA,NA
NA,NA
NA,NA
NA,NA
NA,NA
NA,NA
NA,NA
NA,NA
NA,NA
NA,NA
NA,NA
NA,NA
NA,NA
NA,NA
NA,NA
NA,NA
NA,NA
NA,NA
NA,NA
NA,NA
NA,NA
NA,NA
NA,NA
NA,NA
NA,NA
NA,NA
514,7
515,7
516,7
517,6
518,6
519,6
520,6
521,6
522,3
523,3
524,3
525,3
526,3
527,3
528,3
529,3
530,3
531,3
532,3
533,3
534,2
535,2
536,2
537,2
538,2
539,2
540,2
NA,NA
NA,NA
NA,2
NA,2
NA,2
NA,2
541,2
542,2
543,2
544,2
545,2
546,2
NA,NA
547,1
548,1
NA,NA
NA,NA
NA,NA
NA,NA
NA,NA
NA,NA
NA,NA
NA,NA
NA,NA
NA,NA
NA,NA
NA,NA
NA,NA
NA,NA
NA,NA
NA,NA
NA,NA
NA,NA
NA,NA
NA,NA
NA,NA
NA,NA
NA,NA
NA,NA
NA,NA
NA,NA
NA,NA
NA,NA
NA,NA
NA,NA
NA,NA
NA,NA
NA,NA
NA,NA
549,7
550,7
551,6
552,6
553,6
554,6
555,6
556,3
557,3
558,3
559,3
560,3
561,3
562,3
563,3
564,3
565,3
566,3
567,3
568,3
569,3
570,3
571,3
572,2
573,2
574,2
NA,NA
NA,NA
NA,NA
NA,2
NA,NA
NA,2
575,2
576,2
577,2
578,2
579,2
580,2
NA,2
581,1
582,1
583,1
NA,NA
NA,NA
NA,NA
NA,NA
NA,NA
NA,NA
NA,NA
NA,NA
NA,NA
NA,NA
NA,NA
NA,NA
NA,NA
NA,NA
NA,NA
NA,NA
NA,NA
NA,NA
NA,NA
NA,NA
NA,NA
NA,NA
NA,NA
NA,NA
NA,NA
NA,NA
NA,NA
NA,NA
NA,NA
NA,NA
NA,NA
NA,NA
NA,NA
584,7
585,7
586,6
587,6
588,6
589,6
590,6
591,3
592,3
593,3
594,3
595,3
596,3
597,3
598,3
599,3
600,3
601,3
602,3
603,3
604,3
605,3
606,3
607,2
608,2
NA,NA
NA,NA
NA,NA
NA,NA
NA,NA
NA,NA
NA,NA
609,2
610,2
611,2
612,2
613,2
614,2
615,2
616,3
617,1
618,1
619,1
NA,NA
NA,NA
NA,NA
NA,NA
NA,NA
NA,NA
NA,NA
NA,NA
NA,NA
NA,NA
NA,NA
NA,NA
NA,NA
NA,NA
NA,NA
NA,NA
NA,NA
NA,NA
NA,NA
NA,NA
NA,NA
NA,NA
NA,NA
NA,NA
NA,NA
NA,NA
NA,NA
NA,NA
NA,NA
NA,NA
NA,NA
NA,NA
620,7
621,7
622,7
623,6
624,6
625,6
626,6
627,3
628,3
629,3
630,3
631,3
632,3
633,3
634,3
635,3
636,3
637,3
638,3
639,3
640,3
641,3
642,3
643,2
NA,NA
NA,NA
NA,NA
NA,NA
NA,NA
NA,NA
NA,NA
NA,2
NA,NA
644,2
645,2
646,2
647,2
648,2
649,3
650,3
651,3
652,1
653,3
654,3
NA,NA
NA,NA
NA,NA
NA,NA
NA,NA
NA,NA
NA,NA
NA,NA
NA,NA
NA,NA
NA,NA
NA,NA
NA,NA
NA,NA
NA,NA
NA,NA
NA,NA
NA,NA
NA,NA
NA,NA
NA,NA
NA,NA
NA,NA
NA,NA
NA,NA
NA,NA
NA,NA
NA,NA
NA,NA
NA,NA
NA,NA
655,7
656,7
657,7
658,6
659,6
660,6
661,6
662,3
663,3
664,5
665,5
666,5
667,3
668,3
669,3
670,5
671,5
672,3
673,3
674,3
675,3
676,3
677,3
678,3
NA,NA
NA,NA
NA,NA
NA,NA
NA,NA
NA,NA
NA,NA
NA,2
679,2
680,2
681,3
682,2
683,3
684,3
685,3
686,3
687,3
688,3
689,3
690,3
691,3
692,NA
NA,NA
NA,NA
NA,NA
NA,NA
NA,NA
NA,NA
NA,NA
NA,NA
NA,NA
NA,NA
NA,NA
NA,NA
NA,NA
NA,NA
NA,NA
NA,NA
NA,NA
NA,NA
NA,NA
NA,NA
NA,NA
NA,NA
NA,NA
NA,NA
NA,NA
NA,NA
NA,NA
NA,NA
NA,NA
693,7
694,7
695,7
696,7
697,6
698,6
699,6
700,5
701,5
702,5
703,5
704,5
705,5
706,5
707,5
708,5
709,5
710,5
711,5
712,3
713,3
714,3
715,3
716,4
717,4
NA,NA
NA,NA
NA,NA
NA,NA
NA,NA
NA,NA
NA,NA
NA,2
718,2
719,2
720,3
721,3
722,3
723,3
724,3
725,3
726,3
727,3
728,3
729,3
730,3
731,3
732,3
NA,NA
NA,NA
NA,NA
NA,NA
NA,NA
NA,NA
NA,NA
NA,NA
NA,NA
NA,NA
NA,NA
NA,NA
NA,NA
NA,NA
NA,NA
NA,NA
NA,NA
NA,NA
NA,NA
NA,NA
NA,NA
NA,NA
NA,NA
NA,NA
NA,NA
NA,NA
NA,NA
NA,7
733,7
734,7
735,7
736,6
737,6
738,6
739,5
740,5
741,5
742,5
743,5
744,5
745,5
746,5
747,5
748,5
749,5
750,5
751,5
752,3
753,3
754,3
755,3
756,4
757,4
758,NA
NA,NA
NA,NA
NA,NA
NA,NA
NA,NA
NA,2
NA,2
759,2
760,3
761,3
762,3
763,3
764,3
765,3
766,3
767,3
768,3
769,3
770,5
771,3
772,5
773,3
NA,NA
NA,NA
NA,NA
NA,NA
NA,NA
NA,NA
NA,NA
NA,NA
NA,NA
NA,NA
NA,NA
NA,NA
NA,NA
NA,NA
NA,NA
NA,NA
NA,NA
NA,NA
NA,NA
NA,NA
NA,NA
NA,NA
NA,NA
NA,NA
NA,NA
NA,NA
NA,7
774,7
775,7
776,6
777,6
778,6
779,6
780,6
781,5
782,5
783,5
784,5
785,5
786,5
787,5
788,5
789,5
790,5
791,5
792,5
793,5
794,5
795,3
796,3
797,4
798,4
799,4
800,4
NA,NA
NA,NA
NA,NA
NA,NA
NA,2
NA,2
801,2
802,3
803,3
804,3
805,3
806,3
807,3
808,3
809,3
810,3
811,5
812,3
813,3
814,5
815,3
NA,NA
NA,NA
NA,NA
NA,NA
NA,NA
NA,NA
NA,NA
NA,NA
NA,NA
NA,NA
NA,NA
NA,NA
NA,NA
NA,NA
NA,NA
NA,NA
NA,NA
NA,NA
NA,NA
NA,NA
NA,NA
NA,NA
NA,NA
NA,NA
NA,NA
NA,NA
NA,7
816,7
817,7
818,7
819,6
820,6
821,6
822,6
823,6
824,5
825,5
826,5
827,5
828,5
829,5
830,5
831,5
832,5
833,5
834,5
835,5
836,5
837,5
838,5
839,4
840,4
841,4
842,4
843,4
844,4
845,4
846,4
NA,NA
847,2
848,3
849,3
850,3
851,3
852,3
853,3
854,3
855,3
856,3
857,3
858,3
859,3
860,3
861,5
862,5
NA,5
NA,NA
NA,NA
NA,NA
NA,NA
NA,NA
NA,NA
NA,NA
NA,NA
NA,NA
NA,NA
NA,NA
NA,NA
NA,NA
NA,NA
NA,NA
NA,NA
NA,NA
NA,NA
NA,NA
NA,NA
NA,NA
NA,NA
NA,NA
NA,NA
NA,NA
NA,7
NA,NA
863,7
864,7
865,6
866,6
867,6
868,6
869,6
870,5
871,5
872,5
873,5
874,5
875,5
876,5
877,5
878,5
879,5
880,5
881,5
882,5
883,5
884,5
885,5
886,4
887,4
888,4
889,4
890,4
891,4
892,4
893,2
894,3
895,3
896,3
897,3
898,3
899,3
900,3
901,3
902,5
903,3
904,3
905,5
906,5
907,5
908,5
NA,5
NA,5
NA,5
NA,5
NA,NA
NA,NA
NA,NA
NA,NA
NA,NA
NA,NA
NA,NA
NA,NA
NA,NA
NA,NA
NA,NA
NA,NA
NA,NA
NA,NA
NA,NA
NA,NA
NA,NA
NA,NA
NA,NA
NA,NA
NA,NA
NA,NA
NA,NA
NA,NA
909,7
910,7
911,7
912,6
913,6
914,6
915,6
916,6
917,6
918,5
919,5
920,9
921,5
922,5
923,5
924,5
925,5
926,5
927,5
928,5
929,5
930,5
931,5
932,5
933,5
934,5
935,5
936,4
937,4
938,4
939,4
NA,NA
940,2
941,3
942,3
943,3
944,3
945,3
946,5
947,5
948,5
949,3
950,5
951,5
952,5
953,5
954,5
NA,5
NA,5
NA,5
NA,5
NA,5
NA,NA
NA,NA
NA,NA
NA,NA
NA,NA
NA,NA
NA,NA
NA,NA
NA,NA
NA,NA
NA,NA
NA,NA
NA,NA
NA,NA
NA,NA
NA,NA
NA,NA
NA,NA
NA,NA
NA,NA
NA,NA
NA,NA
NA,NA
955,7
956,7
957,7
958,6
959,6
960,6
961,6
962,6
963,6
964,5
965,9
966,9
967,9
968,9
969,9
970,5
971,5
972,5
973,5
974,5
975,5
976,5
977,5
978,5
979,5
980,5
981,5
982,5
983,4
984,4
985,4
986,4
987,3
988,4
989,4
990,3
991,5
992,5
993,5
994,5
995,5
996,5
997,5
998,5
999,5
1000,5
NA,NA
NA,5
NA,5
NA,5
NA,5
NA,5
NA,NA
NA,NA
NA,NA
NA,NA
NA,NA
NA,NA
NA,NA
NA,NA
NA,NA
NA,NA
NA,NA
NA,NA
NA,NA
NA,NA
NA,NA
NA,NA
NA,NA
NA,NA
NA,NA
NA,NA
NA,NA
NA,NA
NA,NA
NA,NA
1001,7
1002,7
1003,7
1004,10
1005,10
1006,6
1007,6
1008,6
1009,5
1010,9
1011,9
1012,9
1013,9
1014,9
1015,9
1016,9
1017,5
1018,5
1019,5
1020,5
1021,5
1022,5
1023,5
1024,5
1025,5
1026,5
1027,5
1028,4
1029,4
1030,4
1031,4
1032,4
1033,4
1034,5
1035,5
1036,5
1037,5
1038,5
1039,5
1040,5
1041,5
1042,5
1043,5
NA,5
NA,5
NA,NA
NA,5
NA,5
NA,5
NA,5
NA,5
NA,NA
NA,NA
NA,NA
NA,NA
NA,NA
NA,NA
NA,NA
NA,NA
NA,NA
NA,NA
NA,NA
NA,NA
NA,NA
NA,NA
NA,NA
NA,NA
NA,NA
NA,NA
NA,NA
NA,NA
NA,NA
NA,NA
NA,NA
NA,NA
1044,7
1045,7
1046,7
1047,7
1048,10
1049,10
1050,6
1051,6
1052,6
1053,9
1054,9
1055,9
1056,9
1057,9
1058,9
1059,9
1060,9
1061,5
1062,5
1063,5
1064,5
1065,5
1066,5
1067,5
1068,5
1069,5
1070,5
1071,4
1072,4
1073,4
1074,4
1075,4
1076,4
1077,5
1078,5
1079,5
1080,5
1081,5
1082,5
1083,5
1084,5
1085,5
1086,5
NA,NA
NA,8
NA,NA
NA,5
NA,NA
NA,5
NA,5
NA,NA
NA,NA
NA,NA
NA,NA
NA,NA
NA,NA
NA,NA
NA,NA
NA,NA
NA,NA
NA,NA
NA,NA
NA,NA
NA,NA
NA,NA
NA,NA
NA,NA
NA,NA
NA,NA
NA,NA
NA,NA
NA,NA
NA,NA
NA,NA
NA,NA
NA,NA
1087,7
1088,7
1089,6
1090,6
1091,10
1092,6
1093,6
1094,6
1095,9
1096,9
1097,9
1098,9
1099,9
1100,9
1101,9
1102,9
1103,9
1104,5
1105,5
1106,5
1107,5
1108,5
1109,5
1110,5
1111,5
1112,5
1113,5
1114,4
1115,4
1116,4
1117,5
1118,5
1119,5
1120,5
1121,5
1122,5
1123,5
1124,5
1125,5
1126,5
1127,5
1128,5
NA,NA
NA,8
1129,5
1130,5
NA,NA
NA,NA
NA,NA
NA,NA
NA,NA
NA,NA
NA,NA
NA,NA
NA,NA
NA,NA
NA,NA
NA,NA
NA,NA
NA,NA
NA,NA
NA,NA
NA,NA
NA,NA
NA,NA
NA,NA
NA,NA
NA,NA
NA,NA
NA,NA
NA,NA
NA,NA
NA,NA
NA,NA
NA,NA
1131,7
1132,7
1133,6
1134,6
1135,6
1136,6
1137,6
1138,6
1139,9
1140,9
1141,6
1142,9
1143,9
1144,9
1145,9
1146,9
1147,9
1148,9
1149,9
1150,9
1151,5
1152,5
1153,5
1154,5
1155,5
1156,5
1157,5
1158,5
1159,5
1160,5
1161,5
1162,5
1163,5
1164,5
1165,5
1166,5
1167,5
1168,5
1169,5
1170,8
1171,8
1172,8
1173,8
NA,8
1174,5
1175,5
NA,NA
NA,NA
NA,NA
NA,NA
NA,NA
NA,NA
NA,NA
NA,NA
NA,NA
NA,NA
NA,NA
NA,NA
NA,NA
NA,NA
NA,NA
NA,NA
NA,NA
NA,NA
NA,NA
NA,NA
NA,NA
NA,NA
NA,NA
NA,NA
NA,NA
NA,NA
NA,NA
NA,NA
1176,7
1177,7
1178,6
1179,6
1180,10
1181,10
1182,6
1183,6
1184,6
1185,9
1186,9
1187,9
1188,9
1189,9
1190,9
1191,9
1192,9
1193,9
1194,9
1195,9
1196,5
1197,5
1198,5
1199,5
1200,5
1201,5
1202,5
1203,5
1204,5
1205,5
1206,5
1207,5
1208,5
1209,5
1210,5
1211,5
1212,5
1213,5
1214,5
1215,5
1216,8
1217,8
1218,8
1219,8
1220,8
1221,5
1222,5
NA,NA
NA,NA
NA,NA
NA,NA
NA,NA
NA,NA
NA,NA
NA,NA
NA,NA
NA,NA
NA,NA
NA,NA
NA,NA
NA,NA
NA,NA
NA,NA
NA,NA
NA,NA
NA,NA
NA,NA
NA,NA
NA,NA
NA,NA
NA,NA
NA,NA
NA,NA
NA,NA
NA,NA
1223,7
1224,7
1225,6
1226,10
1227,10
1228,10
1229,6
1230,6
1231,6
1232,9
1233,9
1234,9
1235,9
1236,9
1237,9
1238,9
1239,9
1240,9
1241,9
1242,9
1243,9
1244,5
1245,5
1246,5
1247,5
1248,5
1249,5
1250,5
1251,5
1252,5
1253,5
1254,5
1255,5
1256,5
1257,5
1258,5
1259,5
1260,5
1261,8
1262,5
1263,5
1264,8
1265,8
1266,5
1267,5
1268,5
NA,NA
NA,5
NA,NA
NA,NA
NA,NA
NA,NA
NA,NA
NA,NA
NA,NA
NA,NA
NA,NA
NA,NA
NA,NA
NA,NA
NA,NA
NA,NA
NA,NA
NA,NA
NA,NA
NA,NA
NA,NA
NA,NA
NA,NA
NA,NA
NA,NA
NA,NA
NA,NA
NA,NA
NA,NA
1269,7
1270,7
1271,6
1272,10
1273,10
1274,6
1275,10
1276,6
1277,6
1278,6
1279,6
1280,6
1281,9
1282,9
1283,9
1284,9
1285,9
1286,9
1287,9
1288,9
1289,9
1290,5
1291,5
1292,5
1293,5
1294,5
1295,5
1296,5
1297,5
1298,5
1299,5
1300,5
1301,5
1302,5
1303,5
1304,5
1305,5
1306,8
1307,5
1308,5
1309,8
1310,8
1311,8
1312,5
1313,5
NA,NA
NA,NA
NA,NA
NA,NA
NA,NA
NA,NA
NA,NA
NA,NA
NA,NA
NA,NA
NA,NA
NA,NA
NA,NA
NA,NA
NA,NA
NA,NA
NA,NA
NA,NA
NA,NA
NA,NA
NA,NA
NA,NA
NA,NA
NA,NA
NA,NA
NA,NA
NA,NA
NA,NA
NA,NA
1314,7
1315,7
1316,6
1317,6
1318,6
1319,6
1320,6
1321,6
1322,6
1323,6
1324,6
1325,9
1326,9
1327,9
1328,9
1329,9
1330,9
1331,9
1332,9
1333,9
1334,9
1335,9
1336,8
1337,5
1338,5
1339,5
1340,5
1341,5
1342,5
1343,5
1344,5
1345,5
1346,5
1347,5
1348,5
1349,5
1350,8
1351,8
1352,8
1353,5
1354,5
1355,8
1356,8
NA,NA
1357,5
1358,5
NA,NA
NA,NA
NA,NA
NA,NA
NA,NA
NA,NA
NA,NA
NA,NA
NA,NA
NA,NA
NA,NA
NA,NA
NA,NA
NA,NA
NA,NA
NA,NA
NA,NA
NA,NA
NA,NA
NA,NA
NA,NA
NA,NA
NA,NA
NA,NA
NA,NA
NA,NA
NA,NA
NA,NA
NA,NA
1359,6
1360,6
1361,6
1362,10
1363,6
1364,6
1365,10
1366,6
1367,6
1368,6
1369,6
1370,6
1371,10
1372,9
1373,9
1374,9
1375,9
1376,9
1377,9
1378,9
1379,9
1380,9
1381,8
1382,8
1383,8
1384,5
1385,5
1386,5
1387,5
1388,5
1389,5
1390,5
1391,8
1392,5
1393,5
1394,5
1395,5
1396,5
1397,5
1398,5
1399,5
1400,5
NA,NA
NA,NA
NA,NA
NA,NA
NA,NA
NA,NA
NA,NA
NA,NA
NA,NA
NA,NA
NA,NA
NA,NA
NA,NA
NA,NA
NA,NA
NA,NA
NA,NA
NA,NA
NA,NA
NA,NA
NA,NA
NA,NA
NA,NA
NA,NA
NA,NA
NA,NA
NA,NA
NA,NA
NA,NA
NA,NA
NA,NA
NA,NA
NA,NA
1401,6
1402,6
1403,6
1404,10
1405,10
1406,10
1407,10
1408,6
1409,6
1410,10
1411,6
1412,6
1413,10
1414,6
1415,9
1416,6
1417,9
1418,9
1419,9
1420,9
1421,9
1422,9
1423,9
1424,8
1425,9
1426,8
1427,8
1428,8
1429,5
1430,8
1431,5
1432,5
1433,8
1434,8
1435,8
1436,8
1437,8
1438,5
1439,5
1440,5
1441,8
1442,8
NA,NA
NA,NA
NA,NA
NA,NA
NA,NA
NA,NA
NA,NA
NA,NA
NA,NA
NA,NA
NA,NA
NA,NA
NA,NA
NA,NA
NA,NA
NA,NA
NA,NA
NA,NA
NA,NA
NA,NA
NA,NA
NA,NA
NA,NA
NA,NA
NA,NA
NA,NA
NA,NA
NA,NA
NA,NA
NA,NA
NA,NA
NA,NA
1443,7
1444,6
1445,6
1446,6
1447,10
1448,10
1449,10
1450,10
1451,10
1452,10
1453,10
1454,6
1455,6
1456,10
1457,10
1458,9
1459,9
1460,6
1461,9
1462,9
1463,9
1464,9
1465,9
1466,9
1467,9
1468,8
1469,8
1470,8
1471,8
1472,8
1473,5
1474,8
1475,8
1476,8
1477,8
1478,8
1479,8
1480,8
1481,8
1482,8
1483,5
1484,8
1485,8
1486,8
NA,NA
NA,NA
NA,NA
NA,NA
NA,NA
NA,NA
NA,NA
NA,NA
NA,NA
NA,NA
NA,NA
NA,NA
NA,NA
NA,NA
NA,NA
NA,NA
NA,NA
NA,NA
NA,NA
NA,NA
NA,NA
NA,NA
NA,NA
NA,NA
NA,NA
NA,NA
NA,NA
NA,NA
NA,NA
NA,NA
NA,NA
1487,7
1488,6
1489,6
1490,6
1491,10
1492,10
1493,10
1494,10
1495,10
1496,10
1497,10
1498,6
1499,10
1500,10
1501,10
1502,9
1503,9
1504,9
1505,9
1506,9
1507,9
1508,9
1509,9
1510,9
1511,9
1512,9
1513,8
1514,8
1515,8
1516,8
1517,8
1518,8
1519,8
1520,8
1521,8
1522,5
1523,5
1524,8
1525,8
1526,5
1527,8
1528,8
1529,8
NA,8
NA,NA
NA,NA
NA,NA
NA,NA
NA,NA
NA,NA
NA,NA
NA,NA
NA,NA
NA,NA
NA,NA
NA,NA
NA,NA
NA,NA
NA,NA
NA,NA
NA,NA
NA,NA
NA,NA
NA,NA
NA,NA
NA,NA
NA,NA
NA,NA
NA,NA
NA,NA
NA,NA
NA,NA
NA,NA
NA,NA
NA,NA
1530,7
1531,6
1532,11
1533,6
1534,10
1535,10
1536,10
1537,10
1538,10
1539,10
1540,6
1541,10
1542,10
1543,10
1544,10
1545,6
1546,9
1547,9
1548,9
1549,9
1550,9
1551,9
1552,9
1553,9
1554,9
1555,9
1556,9
1557,8
1558,8
1559,8
1560,8
1561,8
1562,8
1563,8
1564,8
1565,8
1566,5
1567,5
1568,8
1569,5
1570,5
1571,8
NA,NA
NA,NA
NA,NA
NA,NA
NA,NA
NA,NA
NA,NA
NA,NA
NA,NA
NA,NA
NA,NA
NA,NA
NA,NA
NA,NA
NA,NA
NA,NA
NA,NA
NA,NA
NA,NA
NA,NA
NA,NA
NA,NA
NA,NA
NA,NA
NA,NA
NA,NA
NA,NA
NA,NA
NA,NA
NA,NA
NA,NA
NA,NA
NA,NA
1572,7
1573,11
1574,11
1575,6
1576,10
1577,10
1578,10
1579,10
1580,10
1581,10
1582,6
1583,6
1584,6
1585,10
1586,6
1587,6
1588,9
1589,9
1590,9
1591,9
1592,9
1593,9
1594,9
1595,9
1596,9
1597,9
1598,9
1599,8
1600,8
1601,8
1602,8
1603,8
1604,8
1605,8
1606,8
1607,8
1608,8
1609,8
1610,8
1611,8
1612,8
NA,NA
NA,NA
NA,NA
NA,NA
NA,NA
NA,NA
NA,NA
NA,NA
NA,NA
NA,NA
NA,NA
NA,NA
NA,NA
NA,NA
NA,NA
NA,NA
NA,NA
NA,NA
NA,NA
NA,NA
NA,NA
NA,NA
NA,NA
NA,NA
NA,NA
NA,NA
NA,NA
NA,NA
NA,NA
NA,NA
NA,NA
NA,NA
NA,NA
NA,NA
1613,7
1614,11
1615,11
1616,6
1617,10
1618,10
1619,10
1620,10
1621,10
1622,10
1623,6
1624,10
1625,10
1626,10
1627,6
1628,6
1629,9
1630,9
1631,9
1632,9
1633,9
1634,9
1635,9
1636,9
1637,9
1638,9
1639,9
1640,8
1641,8
1642,8
1643,8
1644,8
1645,8
1646,8
1647,8
1648,8
1649,8
1650,8
1651,8
1652,8
1653,8
NA,NA
NA,NA
NA,NA
NA,NA
NA,NA
NA,NA
NA,NA
NA,NA
NA,NA
NA,NA
NA,NA
NA,NA
NA,NA
NA,NA
NA,NA
NA,NA
NA,NA
NA,NA
NA,NA
NA,NA
NA,NA
NA,NA
NA,NA
NA,NA
NA,NA
NA,NA
NA,NA
NA,NA
NA,NA
NA,NA
NA,NA
NA,NA
NA,NA
NA,NA
NA,NA
1654,11
1655,11
1656,6
1657,10
1658,10
1659,10
1660,10
1661,10
1662,10
1663,6
1664,10
1665,10
1666,6
1667,6
1668,6
1669,9
1670,9
1671,9
1672,9
1673,9
1674,9
1675,9
1676,9
1677,9
1678,9
1679,8
1680,8
1681,8
1682,8
1683,8
1684,8
1685,8
1686,8
1687,8
1688,8
1689,8
1690,8
1691,8
1692,8
1693,8
NA,NA
NA,NA
NA,NA
NA,NA
NA,NA
NA,NA
NA,NA
NA,NA
NA,NA
NA,NA
NA,NA
NA,NA
NA,NA
NA,NA
NA,NA
NA,NA
NA,NA
NA,NA
NA,NA
NA,NA
NA,NA
NA,NA
NA,NA
NA,NA
NA,NA
NA,NA
NA,NA
NA,NA
NA,NA
NA,NA
NA,NA
NA,NA
NA,NA
NA,NA
NA,NA
1694,11
1695,11
1696,11
1697,10
1698,10
1699,10
1700,10
1701,10
1702,6
1703,10
1704,10
1705,10
1706,10
1707,6
1708,6
1709,9
1710,9
1711,9
1712,9
1713,9
1714,9
1715,9
1716,9
1717,9
1718,8
1719,9
1720,8
1721,8
1722,8
1723,8
1724,8
1725,8
1726,8
1727,8
1728,8
1729,8
1730,8
1731,8
1732,8
NA,NA
NA,NA
NA,NA
NA,NA
NA,NA
NA,NA
NA,NA
NA,NA
NA,NA
NA,NA
NA,NA
NA,NA
NA,NA
NA,NA
NA,NA
NA,NA
NA,NA
NA,NA
NA,NA
NA,NA
NA,NA
NA,NA
NA,NA
NA,NA
NA,NA
NA,NA
NA,NA
NA,NA
NA,NA
NA,NA
NA,NA
NA,NA
NA,NA
NA,NA
NA,NA
NA,NA
1733,11
1734,11
1735,11
1736,10
1737,10
1738,10
1739,10
1740,10
1741,10
1742,10
1743,10
1744,10
1745,6
1746,10
1747,6
1748,9
1749,9
1750,9
1751,9
1752,9
1753,9
1754,9
1755,9
1756,9
1757,8
1758,8
1759,8
1760,8
1761,8
1762,8
1763,8
1764,8
1765,8
1766,8
1767,8
1768,8
1769,8
1770,8
1771,8
1772,8
NA,NA
NA,NA
NA,NA
NA,NA
NA,NA
NA,NA
NA,NA
NA,NA
NA,NA
NA,NA
NA,NA
NA,NA
NA,NA
NA,NA
NA,NA
NA,NA
NA,NA
NA,NA
NA,NA
NA,NA
NA,NA
NA,NA
NA,NA
NA,NA
NA,NA
NA,NA
NA,NA
NA,NA
NA,NA
NA,NA
NA,NA
NA,NA
NA,NA
NA,NA
NA,NA
1773,11
1774,11
1775,11
1776,10
1777,10
1778,10
1779,10
1780,10
1781,13
1782,10
1783,10
1784,10
1785,6
1786,6
1787,6
1788,9
1789,9
1790,9
1791,9
1792,9
1793,9
1794,9
1795,9
1796,8
1797,8
1798,8
1799,8
1800,8
1801,8
1802,8
1803,8
1804,8
1805,8
1806,8
1807,8
1808,8
1809,8
1810,8
1811,8
1812,8
NA,NA
NA,NA
NA,NA
NA,NA
NA,NA
NA,NA
NA,NA
NA,NA
NA,NA
NA,NA
NA,NA
NA,NA
NA,NA
NA,NA
NA,NA
NA,NA
NA,NA
NA,NA
NA,NA
NA,NA
NA,NA
NA,NA
NA,NA
NA,NA
NA,NA
NA,NA
NA,NA
NA,NA
NA,NA
NA,NA
NA,NA
NA,NA
NA,NA
NA,NA
NA,NA
1813,11
1814,11
1815,11
1816,10
1817,10
1818,10
1819,10
1820,10
1821,13
1822,10
1823,10
1824,10
1825,10
1826,10
1827,9
1828,9
1829,9
1830,9
1831,9
1832,9
1833,9
1834,9
1835,9
1836,8
1837,8
1838,8
1839,8
1840,8
1841,8
1842,8
1843,8
1844,8
1845,8
1846,8
1847,8
1848,8
1849,8
1850,8
1851,8
1852,8
NA,NA
NA,NA
NA,NA
NA,NA
NA,NA
NA,NA
NA,NA
NA,NA
NA,NA
NA,NA
NA,NA
NA,NA
NA,NA
NA,NA
NA,NA
NA,NA
NA,NA
NA,NA
NA,NA
NA,NA
NA,NA
NA,NA
NA,NA
NA,NA
NA,NA
NA,NA
NA,NA
NA,NA
NA,NA
NA,NA
NA,NA
NA,NA
NA,NA
NA,NA
NA,NA
NA,NA
NA,11
1853,11
1854,11
1855,10
1856,10
1857,10
1858,13
1859,13
1860,10
1861,10
1862,10
1863,10
1864,9
1865,9
1866,9
1867,9
1868,9
1869,9
1870,9
1871,9
1872,9
1873,9
1874,8
1875,8
1876,8
1877,8
1878,8
1879,8
1880,8
1881,8
1882,8
1883,8
1884,8
1885,8
1886,8
1887,8
1888,8
1889,8
NA,NA
NA,NA
NA,NA
NA,NA
NA,NA
NA,NA
NA,NA
NA,NA
NA,NA
NA,NA
NA,NA
NA,NA
NA,NA
NA,NA
NA,NA
NA,NA
NA,NA
NA,NA
NA,NA
NA,NA
NA,NA
NA,NA
NA,NA
NA,NA
NA,NA
NA,NA
NA,NA
NA,NA
NA,NA
NA,NA
NA,NA
NA,NA
NA,NA
NA,NA
NA,NA
NA,NA
NA,NA
NA,NA
NA,11
1890,11
1891,10
1892,10
1893,10
1894,10
1895,13
1896,13
1897,13
1898,13
1899,10
1900,9
1901,9
1902,9
1903,9
1904,9
1905,9
1906,9
1907,9
1908,8
1909,8
1910,8
1911,8
1912,8
1913,8
1914,8
1915,8
1916,8
1917,8
1918,8
1919,8
1920,8
1921,8
1922,8
1923,8
1924,8
NA,NA
NA,NA
NA,NA
NA,NA
NA,NA
NA,NA
NA,NA
NA,NA
NA,NA
NA,NA
NA,NA
NA,NA
NA,NA
NA,NA
NA,NA
NA,NA
NA,NA
NA,NA
NA,NA
NA,NA
NA,NA
NA,NA
NA,NA
NA,NA
NA,NA
NA,NA
NA,NA
NA,NA
NA,NA
NA,NA
NA,NA
NA,NA
NA,NA
NA,NA
NA,NA
NA,NA
NA,NA
NA,NA
NA,NA
NA,NA
1925,11
1926,10
1927,10
1928,10
1929,10
1930,10
1931,10
1932,13
1933,13
1934,10
1935,13
1936,10
1937,9
1938,9
1939,9
1940,9
1941,9
1942,9
1943,8
1944,8
1945,8
1946,8
1947,8
1948,8
1949,8
1950,8
1951,8
1952,8
1953,8
1954,8
1955,8
1956,8
1957,8
1958,8
NA,NA
NA,NA
NA,NA
NA,NA
NA,NA
NA,NA
NA,NA
NA,NA
NA,NA
NA,NA
NA,NA
NA,NA
NA,NA
NA,NA
NA,NA
NA,NA
NA,NA
NA,NA
NA,NA
NA,NA
NA,NA
NA,NA
NA,NA
NA,NA
NA,NA
NA,NA
NA,NA
NA,NA
NA,NA
NA,NA
NA,NA
NA,NA
NA,NA
NA,NA
NA,NA
NA,NA
NA,NA
NA,NA
NA,NA
NA,NA
NA,NA
1959,11
1960,10
1961,10
1962,10
1963,10
1964,10
1965,12
1966,10
1967,10
1968,10
1969,13
1970,10
1971,9
1972,9
1973,9
1974,9
1975,9
1976,9
1977,9
1978,8
1979,8
1980,8
1981,8
1982,8
1983,8
1984,8
1985,8
1986,8
1987,8
1988,8
1989,8
1990,8
1991,8
NA,NA
NA,NA
NA,NA
NA,NA
NA,NA
NA,NA
NA,NA
NA,NA
NA,NA
NA,NA
NA,NA
NA,NA
NA,NA
NA,NA
NA,NA
NA,NA
NA,NA
NA,NA
NA,NA
NA,NA
NA,NA
NA,NA
NA,NA
NA,NA
NA,NA
NA,NA
NA,NA
NA,NA
NA,NA
NA,NA
NA,NA
NA,NA
NA,NA
NA,NA
NA,NA
NA,NA
NA,NA
NA,NA
NA,NA
NA,NA
NA,NA
NA,NA
1992,11
1993,10
NA,NA
1994,10
1995,10
1996,12
1997,12
1998,12
1999,10
2000,10
2001,10
2002,10
2003,10
2004,9
2005,9
2006,9
2007,9
2008,9
2009,9
2010,8
2011,8
2012,8
2013,8
2014,8
2015,8
2016,8
2017,8
2018,8
2019,8
2020,8
2021,8
2022,8
2023,8
NA,NA
NA,NA
NA,NA
NA,NA
NA,NA
NA,NA
NA,NA
NA,NA
NA,NA
NA,NA
NA,NA
NA,NA
NA,NA
NA,NA
NA,NA
NA,NA
NA,NA
NA,NA
NA,NA
NA,NA
NA,NA
NA,NA
NA,NA
NA,NA
NA,NA
NA,NA
NA,NA
NA,NA
NA,NA
NA,NA
NA,NA
NA,NA
NA,NA
NA,NA
NA,NA
NA,NA
NA,NA
NA,NA
NA,NA
NA,NA
NA,11
NA,NA
2024,11
2025,10
2026,10
2027,10
2028,10
2029,12
2030,12
2031,13
2032,10
2033,10
2034,10
2035,10
2036,10
2037,10
2038,9
2039,9
2040,9
2041,9
2042,8
2043,8
2044,8
2045,8
2046,8
2047,8
2048,8
2049,8
2050,8
2051,8
2052,8
2053,8
2054,8
2055,8
2056,8
NA,NA
NA,NA
NA,NA
NA,NA
NA,NA
NA,NA
NA,NA
NA,NA
NA,NA
NA,NA
NA,NA
NA,NA
NA,NA
NA,NA
NA,NA
NA,NA
NA,NA
NA,NA
NA,NA
NA,NA
NA,NA
NA,NA
NA,NA
NA,NA
NA,NA
NA,NA
NA,NA
NA,NA
NA,NA
NA,NA
NA,NA
NA,NA
NA,NA
NA,NA
NA,NA
NA,NA
NA,NA
NA,NA
NA,NA
NA,NA
NA,NA
NA,NA
NA,NA
2057,10
2058,10
2059,10
2060,10
2061,14
2062,12
2063,13
2064,12
2065,12
2066,10
2067,10
2068,10
2069,10
2070,9
2071,9
2072,9
2073,9
2074,8
2075,8
2076,8
2077,8
2078,9
2079,8
2080,8
2081,8
2082,8
2083,8
2084,8
2085,8
2086,8
2087,8
2088,8
2089,8
NA,NA
NA,NA
NA,NA
NA,NA
NA,NA
NA,NA
NA,NA
NA,NA
NA,NA
NA,NA
NA,NA
NA,NA
NA,NA
NA,NA
NA,NA
NA,NA
NA,NA
NA,NA
NA,NA
NA,NA
NA,NA
NA,NA
NA,NA
NA,NA
NA,NA
NA,NA
NA,NA
NA,NA
NA,NA
NA,NA
NA,NA
NA,NA
NA,NA
NA,NA
NA,NA
NA,NA
NA,NA
NA,NA
NA,NA
NA,NA
NA,NA
2090,10
2091,10
2092,10
2093,10
2094,10
2095,14
2096,14
2097,13
2098,13
2099,12
2100,10
2101,10
2102,10
2103,10
2104,9
2105,9
2106,9
2107,8
2108,9
2109,9
2110,8
2111,9
2112,8
2113,8
2114,8
2115,8
NA,NA
NA,NA
NA,NA
NA,NA
2116,NA
2117,8
2118,8
2119,8
NA,NA
NA,NA
NA,NA
NA,NA
NA,NA
NA,NA
NA,NA
NA,NA
NA,NA
NA,NA
NA,NA
NA,NA
NA,NA
NA,NA
NA,NA
NA,NA
NA,NA
NA,NA
NA,NA
NA,NA
NA,NA
NA,NA
NA,NA
NA,NA
NA,NA
NA,NA
NA,NA
NA,NA
NA,NA
NA,NA
NA,NA
NA,NA
NA,NA
NA,NA
NA,NA
NA,NA
NA,NA
NA,NA
NA,NA
NA,NA
NA,NA
NA,NA
2120,10
2121,10
2122,10
2123,10
2124,10
2125,13
2126,13
2127,12
2128,12
2129,10
2130,10
2131,10
2132,9
2133,9
2134,9
2135,9
2136,8
2137,9
2138,9
NA,NA
NA,NA
NA,NA
NA,NA
NA,NA
2139,8
NA,NA
NA,NA
NA,NA
NA,NA
NA,NA
2140,8
2141,8
2142,8
2143,8
NA,NA
NA,NA
NA,NA
NA,NA
NA,NA
NA,NA
NA,NA
NA,NA
NA,NA
NA,NA
NA,NA
NA,NA
NA,NA
NA,NA
NA,NA
NA,NA
NA,NA
NA,NA
NA,NA
NA,NA
NA,NA
NA,NA
NA,NA
NA,NA
NA,NA
NA,NA
NA,NA
NA,NA
NA,NA
NA,NA
NA,NA
NA,NA
NA,NA
NA,NA
NA,NA
NA,NA
NA,NA
NA,NA
NA,NA
NA,NA
NA,NA
2144,10
2145,10
2146,10
2147,10
2148,10
2149,14
2150,13
2151,13
2152,12
2153,10
2154,10
2155,10
2156,10
2157,9
2158,9
2159,9
2160,9
2161,9
NA,NA
NA,NA
NA,NA
NA,NA
NA,NA
NA,NA
NA,NA
NA,NA
NA,NA
NA,NA
NA,NA
NA,NA
2162,8
2163,8
2164,15
2165,8
NA,NA
NA,NA
NA,NA
NA,NA
NA,NA
NA,NA
NA,NA
NA,NA
NA,NA
NA,NA
NA,NA
NA,NA
NA,NA
NA,NA
NA,NA
NA,NA
NA,NA
NA,NA
NA,NA
NA,NA
NA,NA
NA,NA
NA,NA
NA,NA
NA,NA
NA,NA
NA,NA
NA,NA
NA,NA
NA,NA
NA,NA
NA,NA
NA,NA
NA,NA
NA,NA
NA,NA
NA,NA
NA,NA
NA,NA
NA,NA
NA,NA
NA,NA
NA,NA
2166,10
2167,10
2168,14
2169,10
2170,13
2171,13
2172,13
2173,10
2174,10
2175,10
2176,10
2177,9
2178,9
2179,9
2180,9
NA,NA
NA,NA
NA,NA
NA,NA
NA,NA
NA,NA
NA,NA
NA,NA
NA,NA
NA,NA
NA,NA
NA,NA
NA,NA
NA,NA
2181,8
2182,15
2183,15
NA,NA
NA,NA
NA,NA
NA,NA
NA,NA
NA,NA
NA,NA
NA,NA
NA,NA
NA,NA
NA,NA
NA,NA
NA,NA
NA,NA
NA,NA
NA,NA
NA,NA
NA,NA
NA,NA
NA,NA
NA,NA
NA,NA
NA,NA
NA,NA
NA,NA
NA,NA
NA,NA
NA,NA
NA,NA
NA,NA
NA,NA
NA,NA
NA,NA
NA,NA
NA,NA
NA,NA
NA,NA
NA,NA
NA,NA
NA,NA
NA,NA
NA,NA
2184,10
2185,10
2186,10
2187,14
2188,14
2189,14
2190,13
2191,13
2192,12
2193,10
2194,10
2195,10
2196,10
2197,9
2198,9
2199,9
NA,NA
NA,NA
NA,NA
NA,NA
NA,NA
NA,NA
NA,NA
NA,NA
NA,NA
NA,NA
NA,NA
NA,NA
NA,NA
NA,NA
NA,NA
2200,15
2201,15
NA,NA
NA,NA
NA,NA
NA,NA
NA,NA
NA,NA
NA,NA
NA,NA
NA,NA
NA,NA
NA,NA
NA,NA
NA,NA
NA,NA
NA,NA
NA,NA
NA,NA
NA,NA
NA,NA
NA,NA
NA,NA
NA,NA
NA,NA
NA,NA
NA,NA
NA,NA
NA,NA
NA,NA
NA,NA
NA,NA
NA,NA
NA,NA
NA,NA
NA,NA
NA,NA
NA,NA
NA,NA
NA,NA
NA,NA
NA,NA
NA,NA
NA,NA
NA,NA
2202,10
2203,10
2204,14
2205,NA
2206,14
2207,14
2208,13
2209,12
2210,10
2211,10
2212,10
2213,13
2214,9
2215,9
2216,9
NA,NA
NA,NA
NA,NA
NA,NA
NA,NA
NA,NA
NA,NA
NA,NA
NA,NA
NA,NA
NA,NA
NA,NA
NA,NA
NA,NA
NA,15
NA,15
NA,NA
NA,NA
NA,NA
NA,NA
NA,NA
NA,NA
NA,NA
NA,NA
NA,NA
NA,NA
NA,NA
NA,NA
NA,NA
NA,NA
NA,NA
NA,NA
NA,NA
NA,NA
NA,NA
NA,NA
NA,NA
NA,NA
NA,NA
NA,NA
NA,NA
NA,NA
NA,NA
NA,NA
NA,NA
NA,NA
NA,NA
NA,NA
NA,NA
NA,NA
NA,NA
NA,NA
NA,NA
NA,NA
NA,NA
NA,NA
NA,NA
NA,NA
NA,NA
NA,NA
NA,NA
2217,10
2218,14
NA,NA
2219,14
2220,14
2221,13
2222,13
2223,12
2224,10
2225,10
2226,10
2227,9
2228,14
2229,9
NA,NA
NA,NA
NA,NA
NA,NA
NA,NA
NA,NA
NA,NA
NA,NA
NA,NA
NA,NA
NA,NA
NA,NA
NA,NA
NA,NA
NA,NA
NA,NA
NA,NA
NA,NA
NA,NA
NA,NA
NA,NA
NA,NA
NA,NA
NA,NA
NA,NA
NA,NA
NA,NA
NA,NA
NA,NA
NA,NA
NA,NA
NA,NA
NA,NA
NA,NA
NA,NA
NA,NA
NA,NA
NA,NA
NA,NA
NA,NA
NA,NA
NA,NA
NA,NA
NA,NA
NA,NA
NA,NA
NA,NA
NA,NA
NA,NA
NA,NA
NA,NA
NA,NA
NA,NA
NA,NA
NA,NA
NA,NA
NA,NA
NA,NA
NA,NA
NA,NA
NA,NA
2230,14
2231,14
NA,NA
NA,NA
2232,13
2233,13
2234,13
2235,12
2236,10
2237,10
2238,10
2239,13
2240,14
2241,14
NA,NA
NA,NA
NA,NA
NA,NA
NA,NA
NA,NA
NA,NA
NA,NA
NA,NA
NA,NA
NA,NA
NA,NA
NA,NA
NA,NA
NA,NA
NA,NA
NA,NA
NA,NA
NA,NA
NA,NA
NA,NA
NA,NA
NA,NA
NA,NA
NA,NA
NA,NA
NA,NA
NA,NA
NA,NA
NA,NA
NA,NA
NA,NA
NA,NA
NA,NA
NA,NA
NA,NA
NA,NA
NA,NA
NA,NA
NA,NA
NA,NA
NA,NA
NA,NA
NA,NA
NA,NA
NA,NA
NA,NA
NA,NA
NA,NA
NA,NA
NA,NA
NA,NA
NA,NA
NA,NA
NA,NA
NA,NA
NA,NA
NA,NA
NA,NA
NA,NA
NA,NA
NA,NA
NA,NA
NA,NA
NA,NA
NA,14
2242,15
2243,13
2244,12
2245,12
2246,12
2247,13
2248,13
2249,14
2250,14
NA,NA
NA,NA
NA,NA
NA,NA
NA,NA
NA,NA
NA,NA
NA,14
NA,NA
NA,NA
NA,NA
NA,NA
NA,NA
NA,NA
NA,NA
NA,NA
NA,NA
NA,NA
NA,NA
NA,NA
NA,NA
NA,NA
NA,NA
NA,NA
NA,NA
NA,NA
NA,NA
NA,NA
NA,NA
NA,NA
NA,NA
NA,NA
NA,NA
NA,NA
NA,NA
NA,NA
NA,NA
NA,NA
NA,NA
NA,NA
NA,NA
NA,NA
NA,NA
NA,NA
NA,NA
NA,NA
NA,NA
NA,NA
NA,NA
NA,NA
NA,NA
NA,NA
NA,NA
NA,NA
NA,NA
NA,NA
NA,NA
NA,NA
NA,NA
NA,NA
NA,NA
NA,NA
NA,NA
NA,NA
NA,NA
NA,14
2251,15
2252,13
2253,13
2254,12
2255,12
2256,13
2257,14
2258,14
2259,15
NA,NA
NA,NA
NA,NA
NA,NA
NA,NA
NA,NA
2260,14
2261,14
2262,14
2263,15
2264,15
NA,NA
NA,NA
NA,NA
NA,NA
NA,NA
NA,NA
NA,NA
NA,NA
NA,NA
NA,NA
NA,NA
NA,NA
NA,NA
NA,NA
NA,NA
NA,NA
NA,NA
NA,NA
NA,NA
NA,NA
NA,NA
NA,NA
NA,NA
NA,NA
NA,NA
NA,NA
NA,NA
NA,NA
NA,NA
NA,NA
NA,NA
NA,NA
NA,NA
NA,NA
NA,NA
NA,NA
NA,NA
NA,NA
NA,NA
NA,NA
NA,NA
NA,NA
NA,NA
NA,NA
NA,NA
NA,NA
NA,NA
NA,NA
NA,NA
NA,14
NA,NA
NA,NA
NA,NA
NA,NA
2265,14
2266,13
2267,13
2268,12
2269,12
2270,12
2271,12
2272,12
2273,13
2274,15
2275,15
NA,NA
NA,NA
NA,NA
NA,NA
NA,NA
2276,14
2277,15
2278,15
2279,15
2280,15
NA,NA
NA,NA
NA,NA
NA,NA
NA,NA
NA,NA
NA,NA
NA,NA
NA,NA
NA,NA
NA,NA
NA,NA
NA,NA
NA,NA
NA,NA
NA,NA
NA,NA
NA,NA
NA,NA
NA,NA
NA,NA
NA,NA
NA,NA
NA,NA
NA,NA
NA,NA
NA,NA
NA,NA
NA,NA
NA,NA
NA,NA
NA,NA
NA,NA
NA,NA
NA,NA
NA,NA
NA,NA
NA,NA
NA,NA
NA,NA
NA,NA
NA,NA
NA,NA
NA,NA
NA,NA
NA,14
NA,NA
NA,NA
NA,NA
NA,14
NA,NA
NA,NA
NA,NA
NA,NA
NA,NA
2281,13
2282,13
2283,13
2284,13
2285,12
2286,13
2287,13
2288,13
2289,13
2290,15
NA,NA
NA,NA
NA,NA
NA,NA
NA,NA
2291,14
2292,15
2293,15
2294,15
2295,15
NA,NA
NA,NA
NA,NA
NA,NA
NA,NA
NA,NA
NA,NA
NA,NA
NA,NA
NA,NA
NA,NA
NA,NA
NA,NA
NA,NA
NA,NA
NA,NA
NA,NA
NA,NA
NA,NA
NA,NA
NA,NA
NA,NA
NA,NA
NA,NA
NA,NA
NA,NA
NA,NA
NA,NA
NA,NA
NA,NA
NA,NA
NA,NA
NA,NA
NA,NA
NA,NA
NA,NA
NA,NA
NA,NA
NA,NA
NA,NA
NA,NA
NA,NA
NA,NA
NA,NA
NA,NA
NA,NA
NA,NA
NA,NA
NA,NA
NA,NA
NA,NA
NA,NA
NA,NA
NA,NA
NA,NA
NA,NA
2296,14
2297,13
2298,14
2299,14
2300,14
2301,13
2302,13
2303,13
2304,15
2305,15
2306,15
2307,15
2308,15
2309,15
2310,15
2311,15
2312,15
2313,15
NA,15
NA,NA
NA,NA
NA,NA
NA,NA
NA,NA
NA,NA
NA,NA
NA,NA
NA,NA
NA,NA
NA,NA
NA,NA
NA,NA
NA,NA
NA,NA
NA,NA
NA,NA
NA,NA
NA,NA
NA,NA
NA,NA
NA,NA
NA,NA
NA,NA
NA,NA
NA,NA
NA,NA
NA,NA
NA,NA
NA,NA
NA,NA
NA,NA
NA,NA
NA,NA
NA,NA
NA,NA
NA,NA
NA,NA
NA,NA
NA,NA
NA,NA
NA,NA
NA,NA
NA,NA
NA,NA
NA,NA
NA,NA
NA,NA
NA,NA
NA,NA
NA,NA
NA,NA
NA,NA
NA,NA
NA,NA
NA,NA
NA,NA
2314,13
2315,13
2316,13
2317,13
2318,14
2319,14
2320,13
2321,15
2322,15
2323,15
2324,15
2325,15
2326,15
2327,15
2328,15
2329,15
NA,NA
NA,NA
NA,NA
NA,NA
NA,NA
NA,NA
NA,NA
NA,NA
NA,NA
NA,NA
NA,NA
NA,NA
NA,NA
NA,NA
NA,NA
NA,NA
NA,NA
NA,NA
NA,NA
NA,NA
NA,NA
NA,NA
NA,NA
NA,NA
NA,NA
NA,NA
NA,NA
NA,NA
NA,NA
NA,NA
NA,NA
NA,NA
NA,NA
NA,NA
NA,NA
NA,NA
NA,NA
NA,NA
NA,NA
NA,NA
NA,NA
NA,NA
NA,NA
NA,NA
NA,NA
NA,NA
NA,NA
NA,NA
NA,NA
NA,NA
NA,NA
NA,NA
NA,NA
NA,NA
NA,NA
NA,NA
NA,NA
NA,NA
NA,NA
NA,NA
NA,NA
2330,13
2331,14
2332,13
2333,13
2334,13
2335,13
2336,13
2337,15
2338,15
2339,13
2340,13
2341,13
NA,NA
NA,NA
NA,NA
NA,NA
NA,NA
NA,NA
NA,NA
NA,NA
NA,NA
NA,NA
NA,NA
NA,NA
NA,NA
NA,NA
NA,NA
NA,NA
NA,NA
NA,NA
NA,NA
NA,NA
NA,NA
NA,NA
NA,NA
NA,NA
NA,NA
NA,NA
NA,NA
NA,NA
NA,NA
NA,NA
NA,NA
NA,NA
NA,NA
NA,NA
NA,NA
NA,NA
NA,NA
NA,NA
NA,NA
NA,NA
NA,NA
NA,NA
NA,NA
NA,NA
NA,NA
NA,NA
NA,NA
NA,NA
NA,NA
NA,NA
NA,NA
NA,NA
NA,NA
NA,NA
NA,NA
NA,NA
NA,NA
NA,NA
NA,NA
NA,NA
NA,NA
NA,NA
NA,NA
NA,NA
NA,NA
2342,14
2343,13
2344,13
2345,13
2346,14
2347,13
2348,15
2349,14
2350,13
2351,13
2352,15
NA,NA
NA,NA
NA,NA
NA,NA
NA,NA
NA,NA
NA,NA
NA,NA
NA,NA
NA,NA
NA,NA
NA,NA
NA,NA
NA,NA
NA,NA
NA,NA
NA,NA
NA,NA
NA,NA
NA,NA
NA,NA
NA,NA
NA,NA
NA,NA
NA,NA
NA,NA
NA,NA
NA,NA
NA,NA
NA,NA
NA,NA
NA,NA
NA,NA
NA,NA
NA,NA
NA,NA
NA,NA
NA,NA
NA,NA
NA,NA
NA,NA
NA,NA
NA,NA
NA,NA
NA,NA
NA,NA
NA,NA
NA,NA
NA,NA
NA,NA
NA,NA
NA,NA
NA,NA
NA,NA
NA,NA
NA,NA
NA,NA
NA,NA
NA,NA
NA,NA
NA,NA
NA,NA
NA,NA
NA,NA
NA,NA
NA,NA
NA,NA
2353,14
NA,NA
NA,NA
2354,15
2355,15
2356,13
NA,NA
NA,NA
NA,NA
NA,NA
NA,NA
NA,NA
NA,NA
NA,NA
NA,NA
NA,NA
NA,NA
NA,NA
NA,NA
NA,NA
NA,NA
NA,NA
NA,NA
NA,NA
NA,NA
NA,NA
NA,NA
NA,NA
NA,NA
NA,NA
NA,NA
NA,NA
NA,NA
NA,NA
NA,NA
NA,NA
NA,NA
NA,NA
NA,NA
NA,NA
NA,NA
NA,NA
NA,NA
NA,NA
NA,NA
NA,NA
NA,NA
NA,NA
NA,NA
NA,NA
NA,NA
NA,NA
NA,NA
NA,NA
NA,NA
NA,NA
NA,NA
NA,NA
NA,NA
NA,NA
NA,NA
NA,NA
NA,NA
NA,NA
NA,NA
NA,NA
NA,NA
NA,NA
NA,NA
NA,NA
NA,NA
NA,NA
NA,NA
NA,NA
NA,NA
NA,NA
NA,NA
NA,NA
NA,NA
2357,15
2358,15
NA,NA
NA,NA
NA,NA
NA,NA
NA,NA
NA,NA
NA,NA
NA,NA
NA,NA
NA,NA
NA,NA
NA,NA
NA,NA
NA,NA
NA,NA
NA,NA
NA,NA
NA,NA
NA,NA
NA,NA
NA,NA
NA,NA
NA,NA
NA,NA
NA,NA
NA,NA
NA,NA
NA,NA
NA,NA
NA,NA
NA,NA
NA,NA
NA,NA
NA,NA
NA,NA
NA,NA
NA,NA
NA,NA
NA,NA
NA,NA
NA,NA
NA,NA
NA,NA
NA,NA
NA,NA
NA,NA
NA,NA
NA,NA
NA,NA
NA,NA
NA,NA
NA,NA
NA,NA
NA,NA
NA,NA
NA,NA
NA,NA
NA,NA
NA,NA
NA,NA
NA,NA
NA,NA
NA,NA
NA,NA
NA,NA
NA,NA
NA,NA
NA,NA
NA,NA
NA,NA
NA,NA
NA,NA
NA,NA
NA,NA
NA,NA
NA,NA
NA,NA
NA,NA
NA,NA
NA,NA
NA,NA
NA,NA
NA,NA
NA,NA
NA,NA
NA,NA
NA,NA
NA,NA
NA,NA
NA,NA
NA,NA
NA,NA
NA,NA
NA,NA
NA,NA
NA,NA
NA,NA
NA,NA
NA,NA
NA,NA
NA,NA
NA,NA
NA,NA
NA,NA
NA,NA
NA,NA
NA,NA
NA,NA
NA,NA
NA,NA
NA,NA
NA,NA
NA,NA
NA,NA
NA,NA
NA,NA
NA,NA
NA,NA
NA,NA
NA,NA
NA,NA
NA,NA
NA,NA
NA,NA
NA,NA
NA,NA
NA,NA
NA,NA
NA,NA
NA,NA
NA,NA
NA,NA
NA,NA
NA,NA
NA,NA
NA,NA
NA,NA
NA,NA
NA,NA
NA,NA
NA,NA
NA,NA
NA,NA
NA,NA
NA,NA
NA,NA
NA,NA
NA,NA
NA,NA
NA,NA
NA,NA
NA,NA
NA,NA
NA,NA
NA,NA
NA,NA
NA,NA
NA,NA
NA,NA
NA,NA
NA,NA
NA,NA
NA,NA
NA,NA
NA,NA
NA,NA
NA,NA
NA,NA
NA,NA
NA,NA
NA,NA
NA,NA
NA,NA
NA,NA
NA,NA
NA,NA
NA,NA
NA,NA
NA,NA
NA,NA
NA,NA
NA,NA
NA,NA
NA,NA
NA,NA
NA,NA
NA,NA
NA,NA
NA,NA
NA,NA
NA,NA
NA,NA
NA,NA
NA,NA
NA,NA
NA,NA
NA,NA
NA,NA
NA,NA
NA,NA
NA,NA
NA,NA
NA,NA
NA,NA
NA,NA
NA,NA
NA,NA
NA,NA
NA,NA
NA,NA
NA,NA
NA,NA
NA,NA
NA,NA
NA,NA
NA,NA
NA,NA
NA,NA
NA,NA
NA,NA
NA,NA
NA,NA
NA,NA
NA,NA
NA,NA
NA,NA
NA,NA
NA,NA
NA,NA
NA,NA
NA,NA
NA,NA
NA,NA
NA,NA
NA,NA
NA,NA
NA,NA
NA,NA
NA,NA
NA,NA
NA,NA
NA,NA
NA,NA
NA,NA
NA,NA
NA,NA
NA,NA
NA,NA
NA,NA
NA,NA
NA,NA
NA,NA
NA,NA
NA,NA
NA,NA
